Timestamp (s),X Position (m),Y Position (m)
0.0,0.0,0.0
0.029787063598632812,-2.70449811522212e-07,-7.864601956377138e-09
0.06305456161499023,-2.5887848062551605e-06,-1.0206449927374868e-06
0.0962533950805664,-8.431807404579057e-06,-2.8758652604284628e-06
0.12929630279541016,-1.7909727482890173e-05,-4.3138085470237735e-06
0.162506103515625,-2.5808710272058102e-05,-4.8139466907991175e-06
0.195526123046875,-3.240181118369452e-05,-5.4641766953029015e-06
0.2285468578338623,-3.9879942852834844e-05,-7.995399034202344e-06
0.26143527030944824,-4.823940800458452e-05,-1.0540309784437107e-05
0.2945973873138428,-5.758257176839436e-05,-1.3417142393999861e-05
0.32750511169433594,-7.07715846887762e-05,-1.7132443764569438e-05
0.36063194274902344,-8.487932068016143e-05,-2.072821227621034e-05
0.39373207092285156,-9.77111774570853e-05,-2.595218221071017e-05
0.42699646949768066,-0.00010919362565196057,-3.180400523976187e-05
0.45999693870544434,-0.0001223058671895412,-3.701901552329261e-05
0.49304890632629395,-0.00014172334748532452,-4.361286779727027e-05
0.5262882709503174,-0.0001620352608921511,-5.026173726408418e-05
0.5593166351318359,-0.00018218799745309676,-5.717891119819064e-05
0.5923366546630859,-0.0002016737115980681,-6.520943060482168e-05
0.6252398490905762,-0.0002218330987082624,-7.274627917750403e-05
0.6587724685668945,-0.0002509272124570306,-8.085510121737627e-05
0.6918594837188721,-0.00029294819988818295,-9.018071241304145e-05
0.7249288558959961,-0.0003267533379961274,-9.822757205453693e-05
0.7579498291015625,-0.00034865407060069456,-0.00010603300888444676
0.79073166847229,-0.00036948733816695743,-0.00011575987058147071
0.8238248825073242,-0.0003910845951797648,-0.00012517292849183444
0.8568286895751953,-0.00041409957377680436,-0.00013409466292705694
0.8899180889129639,-0.0004392120660140102,-0.00014386118627360042
0.9233312606811523,-0.0004690073224278791,-0.00015309663427463477
0.9565000534057617,-0.0005061925903202669,-0.0001641105532798998
0.9897408485412598,-0.0005475388279117396,-0.0001750198235527606
1.0226140022277832,-0.0005748830429285844,-0.00018382201791529955
1.055351734161377,-0.0005859939499367141,-0.00019258320242809934
1.0884196758270264,-0.0006039400124271535,-0.00020351616114929464
1.1215159893035889,-0.0006323041806955362,-0.0002154305999536365
1.1546297073364258,-0.0006606376500360164,-0.00022818685044643968
1.1876893043518066,-0.0006794442918808207,-0.00023901371186043263
1.2206645011901855,-0.0006877975284150768,-0.00024997237927002505
1.25380277633667,-0.0007035713248790949,-0.0002621271220529738
1.2868733406066895,-0.000723226321047274,-0.0002735062810174928
1.3199310302734375,-0.000750506692874379,-0.0002837719026466906
1.353020191192627,-0.0007783184719289489,-0.00029377492052217136
1.3864612579345703,-0.0008118621161871787,-0.00030364564524666394
1.419527292251587,-0.0008528644402264059,-0.0003131382325922641
1.4524824619293213,-0.0008910300053858405,-0.00032431445748941996
1.4856011867523193,-0.0009306799944404353,-0.0003328218992961738
1.5186786651611328,-0.00097451854263788,-0.0003417307388158497
1.5517525672912598,-0.001016282453730845,-0.0003552022212210269
1.5849182605743408,-0.0010531492621897842,-0.00036760982786577097
1.6178667545318604,-0.001087904086629159,-0.00037814189579389454
1.6510512828826904,-0.001123177217545502,-0.0003903626612760404
1.6839063167572021,-0.0011529212256632957,-0.0004007929152274449
1.7168967723846436,-0.0011805096341186351,-0.00041273586328649867
1.7499935626983643,-0.0012161605855673238,-0.0004256318381282513
1.7832837104797363,-0.0012546674615430743,-0.00043683747864166285
1.8164317607879639,-0.0012928854569537363,-0.0004484127915820871
1.849647045135498,-0.0013408924520059414,-0.00046099544012596666
1.8826019763946533,-0.001390977758618741,-0.00047216604909002365
1.915673017501831,-0.001439691796437796,-0.00048290718260180534
1.948568344116211,-0.0014817573296822852,-0.0004939218723579333
1.9816009998321533,-0.0015331658923311438,-0.0005059276628639399
2.014688014984131,-0.0015752695775299189,-0.0005189674890496143
2.0479226112365723,-0.0015987244027985228,-0.0005301606890851084
2.0809874534606934,-0.001634402449461899,-0.0005413354374080968
2.1141905784606934,-0.001667761577196559,-0.0005522985154483966
2.1471407413482666,-0.0016973126649494996,-0.0005629055553984298
2.1801531314849854,-0.0017374340239991021,-0.0005734483462319602
2.2131848335266113,-0.0017623318816925625,-0.0005867532578829836
2.2462148666381836,-0.0017934142731760453,-0.0005988009602667871
2.2794206142425537,-0.0018202515796262103,-0.0006087886528791951
2.312467575073242,-0.001856415037599923,-0.0006207212107908214
2.346025228500366,-0.0019013959282878435,-0.0006314337418094034
2.3789827823638916,-0.0019467389119424555,-0.0006426290323179178
2.411987543106079,-0.0019935560464899695,-0.0006568471156749644
2.4449329376220703,-0.0020292156224036,-0.0006671889143237647
2.4780735969543457,-0.00206830504729443,-0.0006755783573965137
2.511282444000244,-0.002108039891614258,-0.0006891146348963443
2.54414701461792,-0.0021452849675450874,-0.0007015366307417404
2.5772035121917725,-0.002174902358009995,-0.0007127304468907107
2.6102893352508545,-0.0021952694699479687,-0.0007253660670347421
2.6433558464050293,-0.002223177196562586,-0.0007359112337450353
2.676588535308838,-0.0022615224716752594,-0.0007448451989318934
2.7098138332366943,-0.002306564107032909,-0.0007530730661945321
2.742492437362671,-0.002334132332524506,-0.0007627297414041451
2.77583646774292,-0.0023564823906235604,-0.0007737078110667327
2.8088066577911377,-0.0023898163433407954,-0.0007833688435430698
2.8416593074798584,-0.0024230985191868314,-0.0007926445806518648
2.874742269515991,-0.002464134360080259,-0.0008059424976395715
2.907855272293091,-0.002491810287689903,-0.0008207881531924655
2.940897226333618,-0.0025223137768252083,-0.0008314416604547199
2.9739842414855957,-0.0025635531956614845,-0.0008426203751558066
3.007070302963257,-0.002602656541418287,-0.0008561941300656767
3.0401453971862793,-0.0026416741158660803,-0.0008679003902031798
3.073619842529297,-0.002669305815572796,-0.0008700905790974278
3.1066529750823975,-0.002721019224177843,-0.000887367431549894
3.1393918991088867,-0.0027611880650028264,-0.0009041933401357996
3.1724624633789062,-0.0027899332855724204,-0.0009207003051439955
3.2055978775024414,-0.002895656483767072,-0.0009340615537107885
3.2387075424194336,-0.0030904104127547393,-0.0009392871708747469
3.2718212604522705,-0.0032051411136906284,-0.0009498274204194205
3.3048160076141357,-0.003260178597979963,-0.0009647895784403222
3.3378705978393555,-0.0033019859832722136,-0.0009740892286065854
3.3712055683135986,-0.003368593520183595,-0.0009856938814683538
3.404284954071045,-0.003462328583877985,-0.001000061650118557
3.4371984004974365,-0.0035071511807115963,-0.0010138736411420483
3.470388889312744,-0.003431650146349952,-0.0010388501677986032
3.5034804344177246,-0.00339057504739587,-0.0010542708511434846
3.5365583896636963,-0.0033746482379801656,-0.0010628745672669343
3.5697383880615234,-0.003387388308899896,-0.001072604520552694
3.6028084754943848,-0.003392221579475588,-0.001081797402214632
3.63582706451416,-0.003395119301651726,-0.0010965915494139716
3.6688406467437744,-0.0034147451505953334,-0.0011141902474630153
3.7021024227142334,-0.0034338125955987965,-0.0011313672911568015
3.7351925373077393,-0.0034612173687152774,-0.0011473977678244968
3.768234968185425,-0.003477873702525777,-0.0011621161317564807
3.8009800910949707,-0.0035047091259265734,-0.001179332913955289
3.8340327739715576,-0.0035361171779297305,-0.0011951520354728082
3.8672244548797607,-0.003568625430800788,-0.001205998435986602
3.9004976749420166,-0.0036073077207278495,-0.0012178796498600387
3.9333081245422363,-0.0036451767672075397,-0.0012305736470904723
3.966373920440674,-0.003683981113796151,-0.001245320972595559
3.999460220336914,-0.0037184190118862174,-0.001262683549839266
4.032595634460449,-0.0037540874476276864,-0.0012764394887445482
4.065967798233032,-0.0037864084634732847,-0.0012917013448463194
4.098796367645264,-0.0038045027546319294,-0.0013083813220056122
4.131833076477051,-0.0038240584831765153,-0.0013218885834808838
4.164995908737183,-0.0038588836273826346,-0.0013384773135636957
4.197991609573364,-0.0038852200405209104,-0.0013544095111916884
4.231105804443359,-0.0039081133286544174,-0.0013732137019940238
4.2643022537231445,-0.003938319831901526,-0.0013908273156640221
4.297451734542847,-0.0039780595950021196,-0.0014024847120107902
4.3302435874938965,-0.00402718285921436,-0.001417340485220013
4.363462686538696,-0.004050200765329236,-0.0014272033246955484
4.396450042724609,-0.004082124659305688,-0.0014389164902149684
4.429833889007568,-0.004134904913400054,-0.0014519263441741142
4.462817192077637,-0.004173824788257663,-0.0014586428974389977
4.496028661727905,-0.0042242656548378615,-0.0014675520350469187
4.529058218002319,-0.004288158711107318,-0.0014700854381974441
4.562281131744385,-0.004346938950738401,-0.001471240076714278
4.59520149230957,-0.004408074501434919,-0.0014831013376264608
4.628056526184082,-0.004453327152375916,-0.0014926676770469344
4.661215305328369,-0.004468921920735364,-0.00149997053974991
4.694617748260498,-0.004502617654845204,-0.0015088743103921743
4.727693319320679,-0.004518729874804558,-0.0015113211020663627
4.760710954666138,-0.004558400086265276,-0.0015207443025385507
4.793451309204102,-0.004589355495568494,-0.0015315235171040967
4.826745510101318,-0.0046377537649621315,-0.0015389566008215
4.859821319580078,-0.004670640235832192,-0.0015467099823528614
4.89288592338562,-0.004670017510884888,-0.0015493111757789993
4.925998687744141,-0.004683092610555401,-0.00154959981859884
4.958785772323608,-0.004706923373542007,-0.0015642765334532233
4.991920471191406,-0.004748269012996131,-0.0015903236172395646
5.025007009506226,-0.004779149649491612,-0.0016163841632217482
5.058107614517212,-0.004808032427282426,-0.0016297929169932757
5.091245889663696,-0.004843459413442374,-0.0016437546168392198
5.1242289543151855,-0.004858089513048571,-0.0016564082550923405
5.1572675704956055,-0.004871478440792152,-0.0016743596822702364
5.190435409545898,-0.004921994370687707,-0.0017046181001221011
5.2234179973602295,-0.004982619562329302,-0.0017197887084878518
5.256476163864136,-0.005010689852275815,-0.0017355708358979946
5.289572238922119,-0.005048190358465366,-0.0017530534830246338
5.322729587554932,-0.005086827121106467,-0.001762229137524477
5.3560192584991455,-0.005129051518199708,-0.0017773441667066165
5.388895273208618,-0.005151237124965725,-0.0017854923355008526
5.422269344329834,-0.005182959278039429,-0.0017870541152537123
5.455279588699341,-0.005213199544711868,-0.0017894056179684936
5.488760471343994,-0.005250521220578336,-0.0017904629365033593
5.521212100982666,-0.005283837911862113,-0.0017973781289506731
5.5542519092559814,-0.0053200075291146565,-0.0017985791958902574
5.587841510772705,-0.005364385192573515,-0.0018005799595549412
5.62060809135437,-0.00541495574293395,-0.0018092203010958766
5.653599500656128,-0.005460689971418338,-0.0018260504331330614
5.686662912368774,-0.0055081630893435325,-0.0018403837208187132
5.71968936920166,-0.005563551585041344,-0.001840346035334348
5.752716541290283,-0.005609725211862911,-0.0018402604308909506
5.786041021347046,-0.005663855497903781,-0.0018494894692318352
5.819234371185303,-0.005678544677138446,-0.0018554255579115143
5.8523781299591064,-0.005677367931497155,-0.0018580551321397696
5.885079383850098,-0.0056883862479456026,-0.0018684753924207518
5.918445825576782,-0.005719501416601286,-0.0018820742439698784
5.951274156570435,-0.005755943798771734,-0.0018935994481925108
5.984527349472046,-0.005785044113822499,-0.001907038415971826
6.017695665359497,-0.005800686616513689,-0.001913850510829916
6.0505077838897705,-0.005815371704972128,-0.0019219986887690104
6.08381199836731,-0.005822874934608041,-0.0019263691610352741
6.116848468780518,-0.005854304420057407,-0.0019130535568937135
6.1500935554504395,-0.005923443989383782,-0.0019158041292485185
6.18289041519165,-0.005986116034017167,-0.0019215823385750682
6.215931177139282,-0.006022083975891186,-0.001934802673472324
6.249019622802734,-0.006062750562508054,-0.001955852761952572
6.282073974609375,-0.006102228467107322,-0.0019592882999233683
6.315460920333862,-0.0061400410874558106,-0.00196229854988747
6.348580598831177,-0.006185486744972775,-0.001965183562593418
6.3816258907318115,-0.006226426925223866,-0.0019658820553526616
6.414775371551514,-0.00627007367324166,-0.0019771569575837426
6.447722911834717,-0.006307315245216434,-0.0019896665766120677
6.480942249298096,-0.006345324456671726,-0.001998417401426863
6.513650894165039,-0.006382659123422277,-0.0020053311824965907
6.546982526779175,-0.006415513406494909,-0.002015231489178553
6.580147743225098,-0.006455647969663303,-0.002024708301130557
6.613259315490723,-0.00649258394859272,-0.002030553833661655
6.646332740783691,-0.006528851481274756,-0.002042511447046198
6.679058074951172,-0.006564896943453901,-0.0020529920706272974
6.712247371673584,-0.006599176812361885,-0.0020628133237389017
6.745507717132568,-0.006637013411674489,-0.002075318358508206
6.778496980667114,-0.006671320736523611,-0.002081832317790891
6.811638593673706,-0.006707898559890751,-0.00209165384707932
6.84495997428894,-0.006745934393764195,-0.002103174121818881
6.87781548500061,-0.0067824433932922685,-0.0021109546258282334
6.91098952293396,-0.006820489494272866,-0.002122346490716056
6.944211721420288,-0.006859874373941869,-0.0021335437776797447
6.977097988128662,-0.0068976458612274956,-0.00214310595490013
7.010115146636963,-0.006934371741720566,-0.0021543444523809906
7.043217897415161,-0.0069707162480094715,-0.0021632819535349554
7.076299667358398,-0.007008879676971663,-0.0021715548852028446
7.1093573570251465,-0.007047419566858418,-0.0021814869684070814
7.142529010772705,-0.007087023344075484,-0.0021918775709946097
7.175495147705078,-0.0071241930655821135,-0.0022013041200114997
7.208324670791626,-0.007159434206188021,-0.002211011386184774
7.241583824157715,-0.007196404911829205,-0.002221944536214614
7.274749755859375,-0.007231673569379912,-0.002231690812304985
7.307616949081421,-0.007265951047749224,-0.0022407536685845153
7.34092378616333,-0.00730333271916476,-0.002251357432066971
7.374000787734985,-0.007339586144785678,-0.0022608967275496625
7.40709114074707,-0.0073764443074757794,-0.002270588807350697
7.440131664276123,-0.007412998490038969,-0.0022804180250762273
7.473226308822632,-0.007448409808021067,-0.0022894240198105867
7.506327867507935,-0.007485775437492458,-0.0022989583962910497
7.539417028427124,-0.007522058384510274,-0.002308269949139159
7.572528839111328,-0.007558875395086097,-0.002317937843804064
7.605436563491821,-0.007595337412612071,-0.002328263397967774
7.638554811477661,-0.007632111771854309,-0.002337355079339685
7.671696901321411,-0.007667632636568808,-0.0023474058101736243
7.704519987106323,-0.00770015853360818,-0.002357527028161601
7.737691402435303,-0.007733674838934934,-0.002366645367020221
7.770740270614624,-0.007767394626866129,-0.002376240448577579
7.803994655609131,-0.007799673331449698,-0.0023845479393414634
7.83710503578186,-0.00783031434884679,-0.0023931609961043497
7.8699493408203125,-0.007865094960645667,-0.002403302727892302
7.903058290481567,-0.007905219034191892,-0.002413690512543784
7.936150312423706,-0.007944110254392713,-0.002425290805990382
7.969430208206177,-0.00797996419892236,-0.00243634987034687
8.00228762626648,-0.008014593310522958,-0.00244638010720044
8.035614967346191,-0.008049786753540818,-0.002455466103619494
8.068523168563843,-0.008086207525073644,-0.002464630786541164
8.101730346679688,-0.008123806291859458,-0.002474466137990711
8.134793996810913,-0.00816028261304749,-0.0024834900509298403
8.167669296264648,-0.008196922617023117,-0.0024933757287345436
8.200956106185913,-0.008234577407319742,-0.0025020268264373973
8.234079360961914,-0.008272849789634412,-0.0025100242054651857
8.267203569412231,-0.008312831599825033,-0.002518212583171511
8.300326108932495,-0.0083531562852446,-0.0025246077425174237
8.333394765853882,-0.00839195299802263,-0.0025313008011021367
8.366149187088013,-0.008430003342448096,-0.00253951310986249
8.399282455444336,-0.008466585943439896,-0.0025477363601319578
8.432309627532959,-0.008503492713282676,-0.0025573748692262564
8.465583324432373,-0.008541646330930849,-0.002566413581839173
8.498769283294678,-0.008580148727752604,-0.0025752751265777753
8.531856536865234,-0.008618609317648766,-0.0025846246053620185
8.564993858337402,-0.00865570694513121,-0.0025945403143781444
8.598015785217285,-0.008694233881908093,-0.0026065118780579607
8.630853176116943,-0.008734747531972648,-0.0026182503431952313
8.664260625839233,-0.008773755244225774,-0.00262854331785076
8.697252988815308,-0.008811446123015466,-0.0026384623564185633
8.7302885055542,-0.008848960030911956,-0.0026488649861917055
8.763342142105103,-0.0088857468887493,-0.002659283950167229
8.79627537727356,-0.008924223700420663,-0.0026688135317831877
8.829660415649414,-0.008962432414649167,-0.0026781119648093873
8.862706422805786,-0.008999220319280429,-0.0026870564962095706
8.895629405975342,-0.009036814157410282,-0.002696496110427848
8.92853832244873,-0.009074651672257324,-0.002705913074822263
8.962038278579712,-0.009111066357679753,-0.002712501635750664
8.994747400283813,-0.00914705647533273,-0.002720899771912879
9.02785325050354,-0.009184671646907297,-0.002731325176262108
9.061092615127563,-0.009221465874925108,-0.0027402616641023264
9.094443321228027,-0.00925924852253618,-0.002750634653854222
9.127713203430176,-0.00929601407082592,-0.002760016030474934
9.160147428512573,-0.009330314165075066,-0.0027689202626559437
9.19319462776184,-0.00936501263374967,-0.002779505025451987
9.226244926452637,-0.009400597688755643,-0.00278955444557135
9.259280443191528,-0.00943740476250065,-0.0027996371717911254
9.29265832901001,-0.009474448447187502,-0.0028110374393521586
9.325670719146729,-0.009510700547266097,-0.002822086791998724
9.358887195587158,-0.009547192860600599,-0.002832596322822728
9.391673803329468,-0.00958063912049656,-0.002842895235809779
9.424707651138306,-0.009614996839728385,-0.0028523084465253254
9.457820653915405,-0.009650929257726426,-0.0028621703191301496
9.490904331207275,-0.009687389165325464,-0.002872931994712429
9.524213314056396,-0.009723921660899812,-0.0028822976151298588
9.557281255722046,-0.009760094247748628,-0.002891504977763747
9.590100526809692,-0.009796576165800057,-0.002902307211153722
9.62319302558899,-0.00983278579024841,-0.00291214252564563
9.656341075897217,-0.009868491889400515,-0.0029226615174273904
9.689386129379272,-0.009904124989191297,-0.002933541552705031
9.722466707229614,-0.009939754782823712,-0.0029432976894993653
9.755516767501831,-0.009975441587855184,-0.0029534048644739032
9.788810014724731,-0.010013714566274944,-0.0029643427972877966
9.822031736373901,-0.010051036204529578,-0.002974153984768276
9.854968547821045,-0.010085638898227873,-0.002984234932129676
9.887879133224487,-0.010121480967283235,-0.002994663454043159
9.92090106010437,-0.01015897817939009,-0.0030039753446650776
9.954322576522827,-0.010196838116424764,-0.00301361667183305
9.987315654754639,-0.01023429960936877,-0.0030224314918858956
10.02048945426941,-0.010271897773875284,-0.0030298851742693723
10.05324101448059,-0.01030737815298187,-0.003039046691450674
10.086334943771362,-0.010344028569005645,-0.0030479195585293834
10.119508743286133,-0.010381081113676378,-0.003056603541310717
10.152707815170288,-0.010418744503127537,-0.003065558157370788
10.185564279556274,-0.010454490905043596,-0.003074153502969318
10.218656301498413,-0.01049132255178298,-0.0030834257135391435
10.251737356185913,-0.01052757532700041,-0.0030920134696747555
10.28475832939148,-0.01056330888745897,-0.0031003637433159262
10.318092346191406,-0.010601941054579107,-0.003110043666763341
10.351200580596924,-0.010638895729619837,-0.003117643195438786
10.38425064086914,-0.010675991290191355,-0.0031257654005205204
10.41718864440918,-0.010713050544818081,-0.0031360077867439167
10.450226306915283,-0.010749173482831336,-0.0031450733893749246
10.483546257019043,-0.010787139246314342,-0.0031541800538929464
10.516687154769897,-0.010825239805186652,-0.003163062306350789
10.549792766571045,-0.010862437938841292,-0.003171503768994112
10.582554340362549,-0.010898864681893624,-0.003180921892908628
10.615622520446777,-0.010935435703395686,-0.0031916518046983516
10.648973226547241,-0.010972815911020261,-0.0032018563251928187
10.68206262588501,-0.011010526305228582,-0.0032122874347603877
10.71505093574524,-0.011048174600759976,-0.003222600522721741
10.748168706893921,-0.011085152737944552,-0.003232281049294354
10.781030893325806,-0.011120179541929322,-0.003242393400574072
10.814111948013306,-0.011154273699293569,-0.0032524364802700547
10.847583532333374,-0.011189893133528517,-0.003263119048823312
10.880630493164062,-0.01122508932005284,-0.0032732269204471696
10.913392782211304,-0.01125887324631942,-0.003283118221359129
10.946483612060547,-0.011294708982251345,-0.0032936106760897647
10.979604721069336,-0.011330325910857423,-0.0033030286621110916
11.01291799545288,-0.011365802389043708,-0.0033117982309824167
11.046042203903198,-0.011403327267585712,-0.003321331042966814
11.078800439834595,-0.011439261613871543,-0.0033316137467995976
11.111996173858643,-0.01147491599652258,-0.0033422267693345477
11.145096778869629,-0.011509165046728985,-0.0033517672370917888
11.178149461746216,-0.011546172017117889,-0.0033607716789124283
11.21132516860962,-0.011585178040419294,-0.003370475652369876
11.244517803192139,-0.011622733979175017,-0.0033788951396225737
11.277799606323242,-0.01166158451203528,-0.0033881528481578675
11.310837745666504,-0.011700265275717164,-0.003398217036510317
11.343428611755371,-0.01173603097704123,-0.003407755349523
11.376556158065796,-0.011772949529354135,-0.003417660952832866
11.40974760055542,-0.011811800911931672,-0.003427063134182012
11.442868947982788,-0.011849767882880266,-0.003436847300232809
11.475937366485596,-0.011886321232400512,-0.003446227265242603
11.508996725082397,-0.01192331834841036,-0.0034560426496448005
11.541995525360107,-0.011959769289453897,-0.00346608081802272
11.575023412704468,-0.011999469632314356,-0.003477299821671146
11.60806131362915,-0.012040260140702991,-0.0034878098026169093
11.641368389129639,-0.012080805864109444,-0.0034969577717657518
11.67455530166626,-0.012119459302996136,-0.003506484595094221
11.707513570785522,-0.01215518583197991,-0.003516858835794636
11.740387678146362,-0.01218835436172063,-0.003527270098861212
11.773507595062256,-0.012223695817399537,-0.003537024006782387
11.806544065475464,-0.012261073530081932,-0.0035464803187776474
11.839855909347534,-0.012298868185168406,-0.0035557021661259125
11.872726202011108,-0.012332626789495692,-0.0035643984042310357
11.905802488327026,-0.012367714663384566,-0.003573413734084995
11.938889980316162,-0.012404974212437516,-0.003582535276045553
11.971879243850708,-0.012441054056780875,-0.003590927014429385
12.004998922348022,-0.012477235608177992,-0.003599432050166197
12.038384199142456,-0.012514082379214614,-0.0036073773070229376
12.071616172790527,-0.012549500633250317,-0.0036151845045238325
12.104202270507812,-0.012584108553641919,-0.0036247467461773355
12.137395858764648,-0.012620028939960708,-0.0036335089514032796
12.17066764831543,-0.012656391500811466,-0.003642904084981584
12.203492879867554,-0.012691583557732047,-0.003652830902287455
12.237041711807251,-0.012727241812052262,-0.003661333491861223
12.26988410949707,-0.012763924346144671,-0.003670812145168994
12.303052425384521,-0.01280035841231156,-0.003679983414730661
12.335796356201172,-0.012836887559256176,-0.003689184786620071
12.36913537979126,-0.012874437636290946,-0.0036996706749182887
12.402059316635132,-0.012911855252506016,-0.0037099171634413005
12.435057640075684,-0.012948824608374383,-0.0037201756856500073
12.468106985092163,-0.012983760215578127,-0.003729575480254134
12.501441478729248,-0.013018679476984478,-0.00373817774936467
12.534611225128174,-0.013054567479400701,-0.0037478297795114092
12.5676429271698,-0.0130893519730921,-0.0037568182780218715
12.60045862197876,-0.013124121926749987,-0.0037660052728612924
12.633492469787598,-0.013158742724576405,-0.0037749566234453282
12.666602373123169,-0.013193738461250944,-0.003784019559339072
12.699706077575684,-0.013229460075095038,-0.0037936021921821704
12.733036279678345,-0.01326595574694024,-0.0038021881639594204
12.766214609146118,-0.013302265602926761,-0.003810777154707589
12.799231767654419,-0.013338365155774063,-0.0038191486261676543
12.831948041915894,-0.01337168422378607,-0.003827382533444655
12.86536169052124,-0.013409041921850126,-0.0038366808785280635
12.898481845855713,-0.013446460420806279,-0.0038457202540422273
12.931703805923462,-0.01348300591857027,-0.00385415112577218
12.964643001556396,-0.013518698140510547,-0.003863902621548728
12.99747920036316,-0.013555265540910022,-0.0038735834839459683
13.030619144439697,-0.013591019359420026,-0.003883496793153436
13.063755750656128,-0.013625501638392991,-0.0038942734714213292
13.096776247024536,-0.013661417554263193,-0.003904260529847872
13.129886627197266,-0.013698759391615386,-0.003913833409283397
13.16310453414917,-0.013735513897272998,-0.003923344839621141
13.196095705032349,-0.01377249388565122,-0.003932859770159956
13.229294300079346,-0.01380833825046871,-0.003941397922116475
13.26252794265747,-0.01384467254719948,-0.003949878513422335
13.295443534851074,-0.013880819153259687,-0.003959456072803913
13.328305721282959,-0.013915929889228592,-0.003968646319723705
13.361677646636963,-0.013953262108214412,-0.003978755091025181
13.394974708557129,-0.013990984644270513,-0.003987838763978516
13.427799701690674,-0.014026857127586145,-0.003996190343576412
13.460940837860107,-0.014064204806466293,-0.004006000798930855
13.493677854537964,-0.014101256713980994,-0.004014072193687729
13.52679705619812,-0.014138251911084898,-0.004022282976123187
13.55983829498291,-0.014174975128619309,-0.004032422189218945
13.593038082122803,-0.014212190857628834,-0.004041513940270895
13.626014709472656,-0.014250583490095257,-0.00405116517934541
13.659002304077148,-0.014288168975526571,-0.004059717730713008
13.692442655563354,-0.014327261478893454,-0.004067657257651397
13.725446939468384,-0.014366897370952992,-0.004077359272690386
13.758513450622559,-0.014405198193420416,-0.004086664499490629
13.791413068771362,-0.01444237837100843,-0.004097227701866261
13.82447361946106,-0.014479612502345734,-0.004107861579841017
13.857733726501465,-0.014517911593419516,-0.004116550155050486
13.890848398208618,-0.014558026564288274,-0.00412614634430567
13.924017667770386,-0.014595718442407193,-0.004135118732170432
13.956790208816528,-0.014630293126075491,-0.0041434030218869605
13.989864587783813,-0.01466722132317051,-0.004153194140398531
14.023122072219849,-0.014707182146928432,-0.00416310020891011
14.056325674057007,-0.014746389235369367,-0.004171132378953074
14.089380979537964,-0.014784456756704121,-0.00417994878516629
14.122358798980713,-0.014821748943225535,-0.0041905423517593675
14.15523386001587,-0.014858367175457776,-0.004199873534493908
14.188270807266235,-0.014896248899468298,-0.00421008730915836
14.221555471420288,-0.014933799940828406,-0.0042208540253394905
14.254659414291382,-0.014970538751327252,-0.004229621556303054
14.287561655044556,-0.015008217023884808,-0.004239260395028178
14.320642709732056,-0.015045239625739558,-0.004250318241757274
14.353680610656738,-0.015081816518648655,-0.004260613648007832
14.38674521446228,-0.015118212956740497,-0.00427033406141485
14.420090436935425,-0.015154690695153059,-0.00428092794303787
14.453185796737671,-0.01519132293172149,-0.0042909032537808605
14.485997438430786,-0.015227622328600303,-0.004300371453711029
14.519150972366333,-0.015262952673105925,-0.004310724930229919
14.552219152450562,-0.015297554427452776,-0.0043217363139134895
14.58524489402771,-0.015333066708888694,-0.004331999509370056
14.618653774261475,-0.015370408069377593,-0.004341478013593651
14.651665925979614,-0.015406130409341422,-0.004352287463678409
14.684453010559082,-0.015440429850099939,-0.0043627199298926144
14.717556238174438,-0.015474593137350726,-0.004371956887419717
14.75090742111206,-0.015511271807356886,-0.004381771246146436
14.783925294876099,-0.015549489184929453,-0.004392316717514966
14.817076921463013,-0.015586593766479884,-0.0044020145248901705
14.849931001663208,-0.015622731326345878,-0.004411328184617368
14.883008480072021,-0.01566052141732416,-0.00442164266595926
14.916011095046997,-0.01569795562587426,-0.00443060706525978
14.949355840682983,-0.015735215661659474,-0.004439921463411911
14.982478857040405,-0.015773373079268477,-0.004449112770919783
15.01555585861206,-0.015811076292082452,-0.004457203591413998
15.04832935333252,-0.015847861038302435,-0.004466041134362805
15.081515073776245,-0.01588346952030679,-0.004476283736513004
15.11455249786377,-0.01592054925090396,-0.004486363777605353
15.147892236709595,-0.015958806396488327,-0.004493639988492847
15.181136846542358,-0.015996924364955176,-0.004500531045533293
15.214032649993896,-0.016034588975591568,-0.004509216856185783
15.246896982192993,-0.016071198836679016,-0.004518054993870296
15.280058145523071,-0.016105737789662573,-0.00452759773385113
15.31309175491333,-0.01614084387022544,-0.004537265667175477
15.346483945846558,-0.01617896175129911,-0.00454639842878613
15.379741907119751,-0.016216690767253534,-0.004554426479266787
15.412460327148438,-0.016253378217341408,-0.004563405054389419
15.445318460464478,-0.016290330071737122,-0.004572851183437774
15.478719711303711,-0.016327401994056336,-0.004581213983569959
15.511622905731201,-0.016366417234827468,-0.004590751007088053
15.544793367385864,-0.016405664224094146,-0.004599663674854174
15.577711343765259,-0.016441817986417452,-0.004606631092545122
15.611149311065674,-0.01648012951213918,-0.004615173913463142
15.644207239151001,-0.016521348657938376,-0.004624580271975938
15.677011251449585,-0.016564196656610852,-0.0046340385869492635
15.71014142036438,-0.016601186940826507,-0.004642478635421778
15.743181467056274,-0.016634399492657916,-0.004649440305782422
15.776193857192993,-0.01667136236399173,-0.004658318961239547
15.809241533279419,-0.016710130011294063,-0.0046659814521275034
15.842580556869507,-0.01674606763506772,-0.0046723961435913295
15.875580549240112,-0.016781045687693008,-0.004681540803565462
15.908694744110107,-0.016817149861118548,-0.00468975398433705
15.941681385040283,-0.016854302882830883,-0.004698603417006656
15.974626064300537,-0.01688938385321252,-0.004706517479209443
16.007918119430542,-0.016924478444274534,-0.0047138765145734954
16.040985107421875,-0.016960760952433075,-0.004722255585927874
16.073875904083252,-0.016996794343607704,-0.004730103628922959
16.107121467590332,-0.017032883259849647,-0.004739985316629528
16.139918327331543,-0.01706982070034619,-0.004749719309452204
16.173054456710815,-0.017106410728404256,-0.004758588985126647
16.206218957901,-0.017142074439930204,-0.004766788750184194
16.23923373222351,-0.017177280745617925,-0.004774875518238271
16.272285223007202,-0.01721207807122575,-0.004784360555259433
16.30533766746521,-0.01724747253022334,-0.004793697522123853
16.338398218154907,-0.01728314117641046,-0.004802600244052685
16.37153196334839,-0.017318970555248878,-0.004811557117635657
16.40467882156372,-0.01735145871412398,-0.004820199534524983
16.437848567962646,-0.01738293096129544,-0.004829507438026663
16.470818519592285,-0.017415130500933493,-0.004837754764785449
16.50388789176941,-0.017452410117043043,-0.00484576578003972
16.537232398986816,-0.0174915472968077,-0.004854837147970289
16.57061791419983,-0.017530054693368317,-0.004864076722827858
16.60318350791931,-0.01756479054869362,-0.004873473505110415
16.636297702789307,-0.017598688842472954,-0.004883599256847104
16.66930079460144,-0.017634283436545193,-0.004894165109168875
16.702392578125,-0.017672273930926866,-0.004903986694785406
16.73560667037964,-0.017703939453978183,-0.004912472256790123
16.768477201461792,-0.017729707491063725,-0.0049193480437457835
16.8017737865448,-0.017742492693160868,-0.004927479877802121
16.834834575653076,-0.017697176145186934,-0.004927061365457532
16.867943048477173,-0.01775279870519707,-0.00492752204472726
16.901063919067383,-0.018905932585054675,-0.005061536878248901
16.933845043182373,-0.018114998100774875,-0.005103423468067915
16.96701145172119,-0.010975672881598925,-0.004372095598818158
17.000301837921143,-0.00314071058284005,-0.003701206286977236
17.03337788581848,0.002154393615398562,-0.0033627115966990083
17.066234827041626,0.008621807208040176,-0.003392626685722921
17.09957265853882,0.010924048355485126,-0.0037174896538275043
17.132413625717163,0.014522688382300902,-0.004132680367951558
17.16580033302307,0.01682197337275514,-0.004293989867480332
17.198524236679077,0.017895554626388678,-0.004052530563200848
17.23167061805725,0.01616382307515966,-0.0035259754647664517
17.26472568511963,0.013297396820062079,-0.002895584766528597
17.297953844070435,0.010861660587647334,-0.0022653675306735744
17.331067323684692,0.00943567222923575,-0.001471229062292294
17.364192485809326,0.007803946492981807,-0.00045183109744634524
17.3972909450531,0.005314058165085379,0.0007424644329555724
17.430299282073975,0.003834709353013406,0.001942597605032641
17.463441848754883,0.002302498819425571,0.0031478846840309275
17.496612310409546,0.000998664577672637,0.004411485682256767
17.529853105545044,0.0008632041180495925,0.0057146638129748515
17.5628559589386,0.0016657514859873212,0.007012978255251636
17.59581971168518,0.002088450857582754,0.008358025787591846
17.62914276123047,0.0007607095490124139,0.009461081695017595
17.662188053131104,-0.0006530838032701787,0.010184790595022489
17.695189237594604,-0.0036372290157385984,0.01091291767801814
17.72799849510193,-0.005776580481586071,0.011549839801572589
17.76088237762451,-0.00727317705627953,0.012121218277655258
17.794206619262695,-0.008237358366245794,0.012647309706768639
17.82751774787903,-0.008732681914052375,0.013118126471253669
17.860663890838623,-0.008827447709856072,0.013559413487146564
17.89384698867798,-0.008657931137777786,0.013979340290670765
17.926727056503296,-0.008254536650375323,0.01437313358767866
17.959777355194092,-0.007623220071331553,0.014764519376651514
17.992844104766846,-0.006822905315951621,0.0151397975378611
18.025697708129883,-0.005905863020341008,0.015505361078493898
18.05880832672119,-0.004909363154868945,0.015882540045182844
18.09200406074524,-0.0038385152546511476,0.016256388687410035
18.124745845794678,-0.0027085470486913512,0.016633222303266207
18.158045768737793,-0.0015178942332328184,0.017025690265002558
18.19092082977295,-0.0003282606857548851,0.017417770072386728
18.223975658416748,0.0008797104447967445,0.017821434569325216
18.257062196731567,0.002098896419082814,0.018234141845290833
18.290098190307617,0.0033155083908765768,0.018661517842459844
18.32325291633606,0.004531666771608381,0.019095471544105107
18.356289863586426,0.005741263131355329,0.01953500464444376
18.38939380645752,0.0069397111085661555,0.01999110434424795
18.422465801239014,0.008111948450434713,0.02045314911461151
18.455793142318726,0.009274705099571538,0.020932667866973897
18.4886691570282,0.010415667929188459,0.021415586434711927
18.521714687347412,0.011544086465656815,0.021905790796961106
18.555028200149536,0.012663965054225516,0.022413634261922288
18.58809518814087,0.013760260343673045,0.022924305758980922
18.62135934829712,0.014847974296745892,0.023443035449381606
18.654281616210938,0.015911262929224443,0.023968863607433763
18.687381505966187,0.01695841825924256,0.02450111936000924
18.720567226409912,0.01799403747056778,0.025042135921092203
18.75358748435974,0.01900889947838388,0.025589433660469337
18.786628484725952,0.020010241396975884,0.026140487134328885
18.819647550582886,0.02099925323738516,0.026698911804659324
18.85272455215454,0.021973113987642384,0.027262141356109076
18.885847091674805,0.022930717223317545,0.027831554275171675
18.91890525817871,0.023878930809341847,0.028405887042278605
18.951995134353638,0.024818223351814026,0.02898233110053694
18.98497724533081,0.02573867957848563,0.029560685583738568
19.018134355545044,0.02665606954709081,0.03014979902466345
19.051323175430298,0.027564920768945626,0.03074423349167365
19.084234952926636,0.028454899908015224,0.03133342739305865
19.11739468574524,0.02934166260058984,0.03193254531153409
19.150517463684082,0.03021409686326152,0.03253335780507631
19.18352508544922,0.031074033697857734,0.03313247853200336
19.216370582580566,0.03192423331644404,0.03373446743315187
19.249480962753296,0.03277345102734191,0.03434433681250416
19.282512187957764,0.033615725302161545,0.034955169024376176
19.315988302230835,0.03445695472250342,0.03557658277679843
19.34892749786377,0.03527690555922949,0.03618833553124274
19.382047653198242,0.03610150222922881,0.03680644547459367
19.414845943450928,0.03691326027861876,0.03742071444939768
19.44791078567505,0.03772282015318481,0.038040779281343355
19.481059789657593,0.03852725454934203,0.03866560569971599
19.514458417892456,0.03933242512565278,0.03929834379311011
19.547444343566895,0.04012046757876905,0.03992414365890581
19.580273628234863,0.04090008574528276,0.04054886562591316
19.6137216091156,0.041691247087543404,0.041188709724393965
19.646527528762817,0.04246805542557178,0.041816757667306644
19.679927349090576,0.043252187745790156,0.04245475335442279
19.712997913360596,0.0440239543348967,0.04308350892884097
19.746044397354126,0.0447925049145345,0.04371767077741985
19.77902317047119,0.04555435023550371,0.044354039813571194
19.812225580215454,0.0463195484393635,0.04499303878519289
19.845272541046143,0.04707857586227823,0.045629752990028416
19.878386735916138,0.047830534971201315,0.04626650502296942
19.911078929901123,0.04856723663643518,0.04689824477055378
19.94473147392273,0.0493225023732487,0.04755367592240332
19.977749824523926,0.050115526676803655,0.048186387089695595
20.010801553726196,0.05128738038115231,0.048755590119565345
20.044025897979736,0.05218098777735493,0.04938602005528543
20.076996088027954,0.05086557725059115,0.05032061085493583
20.10994839668274,0.04585577101842462,0.051531470098989625
20.143078804016113,0.036886832393526546,0.05294917476141981
20.175894498825073,0.03148114747856934,0.054088860656356784
20.209187507629395,0.029719142086377298,0.055293473454622565
20.242352724075317,0.02435076510417241,0.057016028073540136
20.275047540664673,0.019942843500385117,0.05880836151716044
20.30813956260681,0.018313735691764414,0.060143692736627924
20.3414945602417,0.013983348115334332,0.06069515251428856
20.374592304229736,0.004066276413956255,0.05969726151248973
20.40729570388794,0.003494271655983576,0.05952134560804368
20.440630674362183,0.009514356564921549,0.060860892934929356
20.473753690719604,0.01753455978895739,0.06279579591502223
20.50683045387268,0.030316428753645215,0.06487681010961174
20.54004216194153,0.03969101195675308,0.06718492084709657
20.572967290878296,0.04701788266224676,0.06991260549533271
20.605854511260986,0.05304222292997627,0.07301150547704638
20.63891839981079,0.058107967166994914,0.07645217298436659
20.671915531158447,0.062379959660682056,0.08013536777029448
20.705277919769287,0.06604647447855853,0.08406394124861422
20.73846983909607,0.06909227831942691,0.08813195853871687
20.771167755126953,0.07164283135574741,0.092249398234053
20.804282903671265,0.07384375628398228,0.09652022873232066
20.837460041046143,0.07572016408624273,0.10086552845160449
20.870864391326904,0.07734084152932912,0.10529296246886813
20.90415048599243,0.07874715398793833,0.10974611539254785
20.937039136886597,0.07999225038036382,0.11416113486235206
20.970003128051758,0.0810972252600729,0.11859944935374979
21.003093719482422,0.0821117211851253,0.12305472636892302
21.03585457801819,0.08305030663020598,0.12746097179734067
21.069112062454224,0.08393883520641653,0.13192872677399367
21.10225796699524,0.08479048674948417,0.13636812810788193
21.135284900665283,0.08561641136213105,0.14077242584704583
21.168208837509155,0.08642408580669712,0.14514353493491156
21.201364994049072,0.08722859475696357,0.14952705010670228
21.23440933227539,0.0880309503179833,0.15387386056352928
21.267465353012085,0.08883738761595474,0.15820075337428144
21.300548791885376,0.08964968554112146,0.16250926605134383
21.33359122276306,0.09047548940162825,0.16678611908478821
21.36672568321228,0.09131986036307142,0.1710554076308619
21.399754285812378,0.09217641022478137,0.17529461838844712
21.43316650390625,0.09306387985857582,0.17956454590432294
21.46619176864624,0.09394883300254711,0.18376350078517478
21.499282360076904,0.0948543773684857,0.1879452715455997
21.53206968307495,0.09577555475029226,0.19206727076557759
21.565224170684814,0.09672713199941337,0.19621743396509309
21.598196029663086,0.09768978667858262,0.20032959096609146
21.631609678268433,0.0986806549656761,0.2044813866683166
21.66479253768921,0.09969510188743143,0.20858804136378506
21.6975200176239,0.10070944639575045,0.21261514361568573
21.730616331100464,0.10174898631587397,0.21667085640042702
21.76388955116272,0.1028188591438766,0.22074035233296668
21.79682946205139,0.1038899566531522,0.2247538875410331
21.8299503326416,0.10497943143242801,0.22877305254974464
21.86301851272583,0.10608246052763828,0.23278247040051292
21.896373987197876,0.10720913727281255,0.23681428767679752
21.929513692855835,0.10834173217899534,0.24081104686109137
21.962549686431885,0.10948261831869463,0.24478894180713895
21.99570608139038,0.11064125320626865,0.24876607561997113
